h,O_L,O_m,O_k
65.10758023911576,0.6002669347586882,0.2020762527478356,0.1
65.10758023911576,0.6002669347586882,0.2020762527478356,0.1
65.10758023911576,0.6002669347586882,0.2020762527478356,0.1
65.48457149167714,0.5964988018231389,0.21090613659865265,0.10375042248228399
65.48457149167714,0.5964988018231389,0.21090613659865265,0.10375042248228399
65.48457149167714,0.5964988018231389,0.21090613659865265,0.10375042248228399
65.48457149167714,0.5964988018231389,0.21090613659865265,0.10375042248228399
65.84438034044267,0.5963131592080514,0.21124420360225618,0.10828047648413267
66.25885048720438,0.5980653360370082,0.21470064655936266,0.11057501758019116
66.88864570651387,0.6023336793537777,0.22316392019237796,0.11057501758019116
66.88864570651387,0.6023336793537777,0.22316392019237796,0.11057501758019116
67.08451531531429,0.598692143016108,0.23207234511632335,0.11634227047722553
67.08451531531429,0.598692143016108,0.23207234511632335,0.11634227047722553
67.96233283102593,0.5955444546461504,0.2346922891489804,0.11828365550376721
69.23286773213412,0.5955444546461504,0.2346922891489804,0.11828365550376721
69.66300338799748,0.5955444546461504,0.2346922891489804,0.11828365550376721
69.78912739572503,0.5963576404223542,0.2372856490066925,0.1171544053411983
70.22812797039484,0.5963576404223542,0.2372856490066925,0.1171544053411983
70.69748069866846,0.5982604878358558,0.24487924964079805,0.11821855217504172
70.8114388399778,0.5982604878358558,0.24487924964079805,0.12268611174461533
70.8114388399778,0.5982604878358558,0.24487924964079805,0.12268611174461533
70.8114388399778,0.5982604878358558,0.24487924964079805,0.12268611174461533
70.8114388399778,0.5982604878358558,0.24487924964079805,0.12268611174461533
70.8114388399778,0.5982604878358558,0.24487924964079805,0.12268611174461533
70.8114388399778,0.5982604878358558,0.24487924964079805,0.12268611174461533
70.64274843550952,0.5973311415302991,0.24133723462780024,0.11994152426461936
70.6176068554392,0.5923827316107105,0.24357399936160334,0.11936420226529022
71.11639277345427,0.5923827316107105,0.24357399936160334,0.11936420226529022
71.11639277345427,0.5923827316107105,0.24357399936160334,0.11936420226529022
71.11639277345427,0.5923827316107105,0.24357399936160334,0.11936420226529022
71.0702413670447,0.5925634256872659,0.25006050535818375,0.11376211215824308
71.0702413670447,0.5925634256872659,0.25006050535818375,0.11376211215824308
71.0702413670447,0.5925634256872659,0.25006050535818375,0.11376211215824308
71.0702413670447,0.5925634256872659,0.25006050535818375,0.11376211215824308
70.97401996191684,0.6013511045293385,0.24791856225796688,0.10666311789777276
70.97401996191684,0.6013511045293385,0.24791856225796688,0.10768180292007742
71.00004568722903,0.6064802325482593,0.24194550017236466,0.11270397170625687
70.62677167210443,0.6064157988747347,0.2447619214024571,0.11229419196429179
70.62677167210443,0.6064157988747347,0.2447619214024571,0.11229419196429179
70.71300367562559,0.6009182907529177,0.2512224123971279,0.11555239121499114
70.71300367562559,0.6009182907529177,0.2512224123971279,0.11555239121499114
70.25518158750718,0.6079414871388995,0.2633222539871672,0.10629168699520399
70.25518158750718,0.6079414871388995,0.2633222539871672,0.10629168699520399
69.81769117727313,0.6151835254478826,0.2656534213932793,0.09563767354547269
70.21068923704237,0.6140943231119651,0.27099880837366686,0.09209224629560717
70.46636375448848,0.6144085956426983,0.26831068469480274,0.08968454907050923
70.46636375448848,0.6144085956426983,0.26831068469480274,0.08968454907050923
70.46636375448848,0.6144085956426983,0.26831068469480274,0.08968454907050923
70.4640438516379,0.6177893303248968,0.2601322082746842,0.09387399580247976
70.4640438516379,0.6177893303248968,0.2601322082746842,0.09387399580247976
70.4640438516379,0.6177893303248968,0.2601322082746842,0.09387399580247976
70.4640438516379,0.6177893303248968,0.2601322082746842,0.09387399580247976
70.4640438516379,0.6177893303248968,0.2601322082746842,0.09387399580247976
70.07220003971328,0.6292260877847626,0.26537361801531445,0.10417610710672312
70.07220003971328,0.6292260877847626,0.26537361801531445,0.10417610710672312
70.07220003971328,0.6292260877847626,0.26537361801531445,0.10417610710672312
70.07220003971328,0.6292260877847626,0.26537361801531445,0.10417610710672312
70.08304539499764,0.6337307651061167,0.25971934132124747,0.10417610710672312
69.73658613064035,0.6358255687021412,0.2604777929294101,0.10199747364472414
69.79403155940203,0.6322596334473217,0.2633437325857949,0.09954953583750414
69.79403155940203,0.6322596334473217,0.2633437325857949,0.09954953583750414
69.44730065526552,0.6366661071359216,0.26379283696599043,0.09450455680846469
70.01009892229446,0.6351556186254563,0.25882597157760495,0.09183671087326757
70.01009892229446,0.6351556186254563,0.25882597157760495,0.09183671087326757
69.72756281738793,0.6392354429431758,0.2577697469802327,0.09328778778287826
69.72756281738793,0.6392354429431758,0.2577697469802327,0.09328778778287826
69.72756281738793,0.6392354429431758,0.2577697469802327,0.09328778778287826
69.89610183315608,0.6392354429431758,0.2577697469802327,0.09328778778287826
69.89610183315608,0.6392354429431758,0.2577697469802327,0.09328778778287826
69.89610183315608,0.6392354429431758,0.2577697469802327,0.09328778778287826
69.89610183315608,0.6392354429431758,0.2577697469802327,0.09328778778287826
69.89610183315608,0.6392354429431758,0.2577697469802327,0.09328778778287826
69.89610183315608,0.6392354429431758,0.2577697469802327,0.09328778778287826
69.89610183315608,0.6392354429431758,0.2577697469802327,0.09328778778287826
69.89610183315608,0.6392354429431758,0.2577697469802327,0.09328778778287826
69.98638534227182,0.6407460473261775,0.26067361104734565,0.09282906011374502
69.77735038775114,0.6407460473261775,0.26067361104734565,0.09282906011374502
69.77735038775114,0.6407460473261775,0.26067361104734565,0.09282906011374502
69.77735038775114,0.6407460473261775,0.26067361104734565,0.09282906011374502
69.58243135859722,0.6385713622145497,0.25321271849984534,0.10044361935637175
69.7510115964434,0.6392728353346016,0.2558884623777068,0.095993691993419
70.15719468508084,0.6289785895150238,0.2469160668157328,0.10294832070131046
70.15719468508084,0.6289785895150238,0.2469160668157328,0.10294832070131046
70.15719468508084,0.6289785895150238,0.2469160668157328,0.10294832070131046
70.15719468508084,0.6289785895150238,0.2469160668157328,0.10294832070131046
70.15719468508084,0.6289785895150238,0.2469160668157328,0.10294832070131046
70.15719468508084,0.6289785895150238,0.2469160668157328,0.10294832070131046
70.15719468508084,0.6289785895150238,0.2469160668157328,0.10294832070131046
70.1495704520946,0.6363696038871598,0.2469160668157328,0.10294832070131046
70.52253024120039,0.6341759542285026,0.2497654885784395,0.10157555428856163
70.7053344726585,0.6311154909584015,0.24283437643378403,0.10143866212667475
70.7053344726585,0.6311154909584015,0.24283437643378403,0.10143866212667475
70.80555196251639,0.6254720957665378,0.24192458873481543,0.10348060705774051
70.76729359215176,0.6396780429217915,0.24201398921311518,0.10298019504599396
71.08575343614095,0.6382230790341041,0.23817131983680706,0.1016197772271616
70.53342227440962,0.6412864093658979,0.24470665865085517,0.10085142156189271
70.98266535209535,0.6322033920073923,0.23812955340469003,0.1025459806942539
70.98266535209535,0.6322033920073923,0.23812955340469003,0.1025459806942539
70.98266535209535,0.6322033920073923,0.23812955340469003,0.1025459806942539
70.98266535209535,0.6322033920073923,0.23812955340469003,0.1025459806942539
70.98266535209535,0.6322033920073923,0.23812955340469003,0.1025459806942539
70.53224292448208,0.6322033920073923,0.23812955340469003,0.1025459806942539
70.64440306095727,0.6322033920073923,0.23812955340469003,0.1025459806942539
70.64440306095727,0.6322033920073923,0.23812955340469003,0.1025459806942539
70.64440306095727,0.6322033920073923,0.23812955340469003,0.1025459806942539
70.64440306095727,0.6322033920073923,0.23812955340469003,0.1025459806942539
71.08098837108135,0.6318083384585151,0.23152316255876199,0.10460736088024092
70.9765189881812,0.6396755510427494,0.23044790715590752,0.09745483652421566
70.9765189881812,0.6396755510427494,0.23044790715590752,0.09745483652421566
70.9465915800713,0.6416247806586526,0.2246049743857193,0.102825893938415
70.9465915800713,0.6416247806586526,0.2246049743857193,0.102825893938415
70.9465915800713,0.6416247806586526,0.2246049743857193,0.102825893938415
70.78382071941574,0.637773589635713,0.23513068303186654,0.10345017413443226
71.06234878645809,0.6365141273676992,0.22681469291428566,0.09918152927745952
71.34601922369163,0.6372360782912013,0.2313603452026208,0.08793184108357498
71.34601922369163,0.6372360782912013,0.2313603452026208,0.08793184108357498
71.33419265659109,0.6355941763840949,0.23291515636867025,0.08985790977803285
71.33419265659109,0.6355941763840949,0.23291515636867025,0.08985790977803285
71.33419265659109,0.6355941763840949,0.23291515636867025,0.08985790977803285
71.73294480776686,0.6324242997233053,0.23756109241455728,0.08254009715506827
71.73294480776686,0.6324242997233053,0.23756109241455728,0.08254009715506827
71.85910913646501,0.6262034059692073,0.2347813196217067,0.08578897155568703
71.85910913646501,0.6262034059692073,0.2347813196217067,0.08578897155568703
71.85910913646501,0.6262034059692073,0.2347813196217067,0.08578897155568703
71.85910913646501,0.6262034059692073,0.2347813196217067,0.08578897155568703
71.939162068776,0.6259096920433099,0.22915436721218968,0.09553798020091492
71.939162068776,0.6259096920433099,0.22915436721218968,0.09553798020091492
71.939162068776,0.6259096920433099,0.22915436721218968,0.09553798020091492
72.212395464057,0.6310883237672503,0.22215243625031106,0.09436711204643755
72.13005183201378,0.6351949574811803,0.21561768280950208,0.09436711204643755
71.46544045766582,0.6298843448971447,0.21616993862616798,0.09974966613399248
71.92401382287608,0.6348136631845863,0.21475755042089234,0.09898111959763896
71.92401382287608,0.6348136631845863,0.21475755042089234,0.09898111959763896
71.92401382287608,0.6348136631845863,0.21475755042089234,0.09898111959763896
71.92401382287608,0.6348136631845863,0.21475755042089234,0.09898111959763896
71.92401382287608,0.6348136631845863,0.21475755042089234,0.09898111959763896
71.55428494994369,0.6310973686721548,0.21515571251042648,0.10625011088048623
71.55428494994369,0.6310973686721548,0.21515571251042648,0.10625011088048623
71.71058818390782,0.6334556312042519,0.21430426838576017,0.10387118106884041
71.71058818390782,0.6334556312042519,0.21430426838576017,0.10387118106884041
71.71058818390782,0.6334556312042519,0.21829777102914447,0.10998515723678214
71.71058818390782,0.6334556312042519,0.21829777102914447,0.10998515723678214
71.35346435936036,0.6363037194709034,0.2149846139254766,0.11416962215042249
71.35346435936036,0.6363037194709034,0.2149846139254766,0.11416962215042249
71.89803769211156,0.6364620532514241,0.2059877442198565,0.10607072957285267
71.89803769211156,0.6364620532514241,0.2059877442198565,0.10607072957285267
71.89803769211156,0.6364620532514241,0.2059877442198565,0.10607072957285267
71.89803769211156,0.6364620532514241,0.2059877442198565,0.10607072957285267
71.89803769211156,0.6364620532514241,0.2059877442198565,0.10607072957285267
71.89803769211156,0.6364620532514241,0.2059877442198565,0.10607072957285267
71.89803769211156,0.6364620532514241,0.2059877442198565,0.10607072957285267
72.59529669577188,0.6294313480704572,0.19782100544660203,0.10787418209514017
72.62989323530945,0.6221440628721032,0.20445455559790823,0.10805262710546891
72.62989323530945,0.6221440628721032,0.20445455559790823,0.10805262710546891
72.62989323530945,0.6221440628721032,0.20445455559790823,0.10805262710546891
72.74006451413749,0.62647779769839,0.20738009987913303,0.10107988684880524
72.26951583288397,0.6277811331969129,0.20882725928581805,0.10112778798910615
72.26951583288397,0.6277811331969129,0.20882725928581805,0.10112778798910615
72.30648231051678,0.6324623978570028,0.2132939333490596,0.09353893478117821
72.56698802901255,0.6285102058149549,0.21291394087426158,0.09088647169438542
72.4158763286644,0.6335035851730887,0.21423858725479078,0.09455444827123746
72.4158763286644,0.6335035851730887,0.21423858725479078,0.09455444827123746
71.91215564339352,0.6330236038247036,0.21900561928992582,0.09300062044332479
71.99453289636138,0.6302983619224259,0.21541695260386431,0.10310321830376726
71.99453289636138,0.6302983619224259,0.21541695260386431,0.10310321830376726
72.18694018403116,0.6342842205247478,0.20952942375645953,0.10048237065564519
72.18694018403116,0.6342842205247478,0.20952942375645953,0.10048237065564519
72.18694018403116,0.6342842205247478,0.20952942375645953,0.10048237065564519
72.18694018403116,0.6342842205247478,0.20952942375645953,0.10048237065564519
72.18694018403116,0.6342842205247478,0.20952942375645953,0.10048237065564519
72.1936245377239,0.628439987956875,0.20648881183993237,0.10200807437362128
72.30087003811967,0.628439987956875,0.20648881183993237,0.10200807437362128
72.30087003811967,0.628439987956875,0.20648881183993237,0.10200807437362128
72.30087003811967,0.628439987956875,0.20648881183993237,0.10200807437362128
72.30087003811967,0.628439987956875,0.20648881183993237,0.10200807437362128
72.55770714969259,0.630500603909754,0.2049605993202124,0.10336341067237623
72.55770714969259,0.630500603909754,0.2049605993202124,0.10336341067237623
72.66611134380848,0.6298354313626187,0.20084243207466637,0.10163138828689827
72.74877023193437,0.6236424261927398,0.20052230589700024,0.10146806579459663
72.74877023193437,0.6236424261927398,0.20052230589700024,0.10146806579459663
72.73049329884752,0.6166839237047801,0.20735509382677053,0.10112206533403421
72.73049329884752,0.6166839237047801,0.20735509382677053,0.10112206533403421
72.73049329884752,0.6166839237047801,0.20735509382677053,0.10112206533403421
72.73049329884752,0.6166839237047801,0.20735509382677053,0.10725332251612985
72.73049329884752,0.6166839237047801,0.20735509382677053,0.10725332251612985
72.73049329884752,0.6166839237047801,0.20735509382677053,0.10725332251612985
72.64896285852306,0.6239926804176503,0.204793487426437,0.10447932439609707
72.48731907545329,0.6209481694515181,0.19812790113587073,0.10899634942159156
73.17972108239006,0.6210759538796858,0.19515293170768988,0.10163203120638223
73.17972108239006,0.6210759538796858,0.19515293170768988,0.10163203120638223
73.45046447582274,0.6209358167691549,0.2024043850765447,0.09472615768153371
73.05086320143404,0.61678145527546,0.20672353525559384,0.09057381925625768
73.7116733474056,0.6133894300189469,0.20862463905429587,0.08365357198091372
73.7116733474056,0.6133894300189469,0.20862463905429587,0.08365357198091372
73.7116733474056,0.6133894300189469,0.20862463905429587,0.08365357198091372
73.1756612595931,0.6173966168685204,0.21078444534565338,0.08096905583418594
73.1756612595931,0.6173966168685204,0.21078444534565338,0.08096905583418594
73.83728033818201,0.6124770086079339,0.2058157408351048,0.0806196303676888
73.83728033818201,0.6124770086079339,0.2058157408351048,0.0806196303676888
73.83728033818201,0.6124770086079339,0.2058157408351048,0.0806196303676888
73.83728033818201,0.6124770086079339,0.2058157408351048,0.0806196303676888
73.88373127416908,0.612620863707343,0.20477455452033197,0.0823748911006464
73.36932978926876,0.6147660751666862,0.21426609998720914,0.08116032016585609
73.36932978926876,0.6147660751666862,0.21426609998720914,0.08116032016585609
73.36932978926876,0.6147660751666862,0.21426609998720914,0.08116032016585609
73.36932978926876,0.6147660751666862,0.21426609998720914,0.08116032016585609
73.36932978926876,0.6147660751666862,0.21426609998720914,0.08116032016585609
73.07656119849192,0.6238841432835066,0.2164051766945,0.08392925681098622
73.00581710758283,0.6212755787811056,0.21550335377240593,0.09456654987833496
73.09592570449085,0.6254737224814526,0.20339625837371714,0.09818967103430862
73.09592570449085,0.6254737224814526,0.20339625837371714,0.09818967103430862
73.09592570449085,0.6254737224814526,0.20339625837371714,0.10287867926861738
72.9676078152183,0.6229842837996928,0.20787248170954026,0.09525396015069626
72.9676078152183,0.6229842837996928,0.20787248170954026,0.09525396015069626
72.9676078152183,0.6229842837996928,0.20787248170954026,0.09525396015069626
72.9676078152183,0.6229842837996928,0.20787248170954026,0.09525396015069626
72.57255090715388,0.633910374566626,0.20792952649738874,0.08793850469329773
72.57255090715388,0.633910374566626,0.20792952649738874,0.08793850469329773
73.19534102685886,0.6310054525495679,0.20873884493085287,0.08127673789086558
73.19534102685886,0.6310054525495679,0.20873884493085287,0.08127673789086558
73.52163995881247,0.6365134496657212,0.20942860967106924,0.06719331841786906
73.50492316465696,0.6296031819480108,0.2140552659619402,0.06460806103899557
73.50492316465696,0.6296031819480108,0.2140552659619402,0.06460806103899557
72.70698909620282,0.6340213633085526,0.2153054989450969,0.07086861458486711
73.29076211335509,0.6348063989116121,0.20698997940848818,0.06828188340753961
73.49136733149702,0.6316118222432328,0.2073102470644248,0.06763526395802173
73.49136733149702,0.6316118222432328,0.2073102470644248,0.06763526395802173
73.06771070784451,0.6276610403843902,0.21902991252212053,0.07759208198754806
73.06771070784451,0.6276610403843902,0.21902991252212053,0.07759208198754806
73.06771070784451,0.6276610403843902,0.21902991252212053,0.07759208198754806
72.86303022342526,0.6245714518506593,0.22211153458970134,0.08141137344474343
72.1869889848095,0.6228300710828574,0.23216336423415818,0.07735957363375588
71.93642565622842,0.618673910025261,0.23698392581403532,0.0819221692191186
71.93642565622842,0.618673910025261,0.23698392581403532,0.0819221692191186
71.93642565622842,0.618673910025261,0.23698392581403532,0.0819221692191186
72.36705670469726,0.6099463927302924,0.23716357952590697,0.07949985995757206
72.36705670469726,0.6099463927302924,0.23716357952590697,0.07949985995757206
72.36705670469726,0.6099463927302924,0.23716357952590697,0.07949985995757206
72.73240454643663,0.6033781051227981,0.23448521014778517,0.07243178448367388
73.46280819833106,0.6094603854155828,0.22319516681181012,0.06800182895016628
73.46280819833106,0.6094603854155828,0.22319516681181012,0.06800182895016628
73.51116705058182,0.6030348972830022,0.22790020015974363,0.0671522783586181
73.51116705058182,0.6030348972830022,0.22790020015974363,0.0671522783586181
73.51116705058182,0.6030348972830022,0.22790020015974363,0.0671522783586181
73.2878912465459,0.6024736937419607,0.2258152836548495,0.07058817073347506
73.27825062465784,0.6018434834476923,0.22888959501975067,0.07525391610360119
73.27825062465784,0.6018434834476923,0.22888959501975067,0.07525391610360119
73.30564381920787,0.6028545835835403,0.2301566118715834,0.07528061610617491
73.30564381920787,0.6028545835835403,0.2301566118715834,0.07528061610617491
73.30564381920787,0.6028545835835403,0.2301566118715834,0.07528061610617491
73.32870947467813,0.6061002877776535,0.23181132261074766,0.07938330269584226
73.01279441780132,0.6072749126045905,0.2343215157492684,0.07160135044441641
73.01279441780132,0.6072749126045905,0.2343215157492684,0.07160135044441641
73.01279441780132,0.6072749126045905,0.2343215157492684,0.07160135044441641
73.01279441780132,0.6072749126045905,0.2343215157492684,0.07160135044441641
73.01279441780132,0.6072749126045905,0.2343215157492684,0.07160135044441641
73.01279441780132,0.6072749126045905,0.2343215157492684,0.07160135044441641
73.01279441780132,0.6072749126045905,0.2343215157492684,0.07160135044441641
73.01279441780132,0.6072749126045905,0.2343215157492684,0.07160135044441641
73.01279441780132,0.6072749126045905,0.2343215157492684,0.07160135044441641
73.01279441780132,0.6072749126045905,0.2343215157492684,0.07160135044441641
73.01279441780132,0.6072749126045905,0.2343215157492684,0.07160135044441641
73.01279441780132,0.6072749126045905,0.2343215157492684,0.07160135044441641
73.01279441780132,0.6072749126045905,0.2343215157492684,0.07160135044441641
73.01279441780132,0.6072749126045905,0.2343215157492684,0.07160135044441641
73.01279441780132,0.6072749126045905,0.2343215157492684,0.07160135044441641
72.69575526778104,0.6078387268885311,0.2383584361678992,0.06886264403569684
73.42411458359364,0.6086223983014205,0.242358705509527,0.05967981724066132
72.8202281243325,0.6112757127736606,0.24278151638821166,0.05597213211357108
72.8202281243325,0.6112757127736606,0.24278151638821166,0.05597213211357108
72.8202281243325,0.6112757127736606,0.24278151638821166,0.05597213211357108
72.67060982368511,0.6067144783501534,0.24800353951291962,0.05733252084169039
72.93803917273931,0.611942376667478,0.2517550558353285,0.04946486935937663
72.73863339905228,0.6082513149408166,0.25178048956454957,0.05725848091619105
72.73863339905228,0.6082513149408166,0.25178048956454957,0.05725848091619105
72.4886564547217,0.6095342057493784,0.247824487382029,0.05418429728399014
72.87271133918736,0.6095342057493784,0.247824487382029,0.05418429728399014
72.87271133918736,0.6095342057493784,0.247824487382029,0.05418429728399014
72.87271133918736,0.6095342057493784,0.247824487382029,0.05418429728399014
72.55957383341604,0.6156398513942446,0.24615363284797695,0.05478058164043714
72.55957383341604,0.6156398513942446,0.24615363284797695,0.05478058164043714
72.63956655045179,0.6202658976138055,0.2496431448860382,0.05480458615338126
72.55841196011629,0.611719649956013,0.24727229921532665,0.05926867711740978
72.55841196011629,0.611719649956013,0.24727229921532665,0.05926867711740978
72.73820029626434,0.6199715740391573,0.24493721296557724,0.051893310858638915
72.73820029626434,0.6199715740391573,0.24493721296557724,0.051893310858638915
72.25455616050559,0.6287634371191075,0.251706717532327,0.04920600432606298
72.62501476076218,0.629860799103215,0.2480484725804111,0.044132757332801115
72.62501476076218,0.629860799103215,0.2480484725804111,0.044132757332801115
72.62501476076218,0.629860799103215,0.2480484725804111,0.044132757332801115
72.81479435353229,0.6255116581678244,0.2538451861448853,0.04003294437599113
72.79851207990991,0.6250423825524614,0.2443004485061331,0.04435802936453926
72.38162879983811,0.6284105432599609,0.2550417274789858,0.04625429729182905
72.38162879983811,0.6284105432599609,0.2550417274789858,0.04625429729182905
72.38162879983811,0.6284105432599609,0.2550417274789858,0.04625429729182905
72.83822536808898,0.6224068591099158,0.2511232830559012,0.04572105996895125
72.76462511806612,0.6178318220320851,0.2545066980497999,0.05228179069421769
72.76462511806612,0.6178318220320851,0.2545066980497999,0.05228179069421769
72.76462511806612,0.6178318220320851,0.2545066980497999,0.05228179069421769
72.32345237865445,0.6178318220320851,0.2545066980497999,0.05228179069421769
72.5931311188539,0.6100198308575363,0.2603924309122792,0.05694531454654647
72.5931311188539,0.6100198308575363,0.2603924309122792,0.05694531454654647
72.24349597911326,0.6087519419719796,0.26088727190566807,0.05205085009773329
72.21989990551911,0.6111028169708054,0.26075191944647436,0.05234655280448247
72.21989990551911,0.6111028169708054,0.26075191944647436,0.05234655280448247
72.85683422556573,0.6134710578925424,0.2500357148279018,0.05038005074510212
72.85683422556573,0.6134710578925424,0.2500357148279018,0.05038005074510212
73.0434555211469,0.6082544502316937,0.24263872434547076,0.05682048413350605
73.32534869162693,0.6039655341729874,0.2409401579871865,0.06540433527911346
73.32534869162693,0.6039655341729874,0.2409401579871865,0.06540433527911346
73.32534869162693,0.6039655341729874,0.2409401579871865,0.06540433527911346
72.73043891393364,0.6080783987058672,0.23831288163692563,0.06696688262440487
72.73043891393364,0.6080783987058672,0.23831288163692563,0.06696688262440487
72.73043891393364,0.6080783987058672,0.23831288163692563,0.06696688262440487
72.73043891393364,0.6080783987058672,0.23831288163692563,0.06696688262440487
72.73043891393364,0.6080783987058672,0.23831288163692563,0.06696688262440487
72.85391008834063,0.6080783987058672,0.23831288163692563,0.06696688262440487
72.85391008834063,0.6080783987058672,0.23831288163692563,0.06696688262440487
72.9024927192691,0.6056030827769452,0.23002335771300964,0.07027757974776357
72.9024927192691,0.6056030827769452,0.23002335771300964,0.07027757974776357
72.9024927192691,0.6056030827769452,0.23002335771300964,0.07027757974776357
72.9024927192691,0.6056030827769452,0.23002335771300964,0.07027757974776357
72.9024927192691,0.6056030827769452,0.23002335771300964,0.07027757974776357
72.9024927192691,0.6056030827769452,0.23002335771300964,0.07027757974776357
73.3743108674602,0.6000512224215074,0.22053537123103914,0.07333062241708893
73.3743108674602,0.6000512224215074,0.22053537123103914,0.07333062241708893
73.3743108674602,0.6000512224215074,0.22053537123103914,0.07333062241708893
73.63159514632171,0.5918344078844385,0.2249712898114919,0.07868217929492213
73.94797476072662,0.5942511365992388,0.2259229504643357,0.07734131303139337
74.12096425913396,0.6010966389000627,0.22021078917104953,0.0698345622046175
73.58948679755845,0.5975275049390949,0.228226183447175,0.06533501936707373
74.3983045969952,0.589797054505939,0.22836633772707102,0.063775023698817
74.65626478967035,0.590648781212016,0.22710534529885823,0.05968047363162233
74.28592736896644,0.5924639299830609,0.22539957421175438,0.06500792321750215
74.28592736896644,0.5924639299830609,0.22539957421175438,0.06500792321750215
74.32929679288614,0.5912345325394867,0.22780423608738198,0.07166214048615539
73.9285316015826,0.5912345325394867,0.22780423608738198,0.07166214048615539
73.96220846934983,0.5941714438946377,0.2234362996396965,0.06675558053503972
73.96220846934983,0.5941714438946377,0.2234362996396965,0.06675558053503972
73.96220846934983,0.5941714438946377,0.2234362996396965,0.06675558053503972
74.25322369361713,0.5941714438946377,0.2234362996396965,0.06675558053503972
74.25322369361713,0.5941714438946377,0.2234362996396965,0.06675558053503972
74.57947515191854,0.5904347654278509,0.2248652496802843,0.0640330124027597
74.57947515191854,0.5904347654278509,0.2248652496802843,0.0640330124027597
74.57947515191854,0.5904347654278509,0.2248652496802843,0.0640330124027597
74.72278812190586,0.5928175620324251,0.22208056097788953,0.06229204454170915
74.72278812190586,0.5928175620324251,0.22208056097788953,0.06229204454170915
74.72278812190586,0.5928175620324251,0.22208056097788953,0.06229204454170915
74.72278812190586,0.5928175620324251,0.22208056097788953,0.06229204454170915
74.72278812190586,0.5928175620324251,0.22208056097788953,0.06229204454170915
74.72278812190586,0.5928175620324251,0.22208056097788953,0.06229204454170915
74.98978001463753,0.5960856511723134,0.22173456382047715,0.05564217988958549
74.18058167023241,0.5957109332587661,0.22385573338103,0.061524233347903495
74.82397013133479,0.5924344612423048,0.22085074086298206,0.0691436112910748
74.82397013133479,0.5924344612423048,0.22085074086298206,0.0691436112910748
74.90800180834928,0.5933723212524716,0.21898114490533305,0.06459043802955015
74.77901740382785,0.5915190447851683,0.21974372200692066,0.06122787761116247
74.77901740382785,0.5915190447851683,0.21974372200692066,0.06122787761116247
74.09303098799586,0.5933162652952342,0.23172557794841683,0.05702378334954863
74.09303098799586,0.5933162652952342,0.23172557794841683,0.05702378334954863
73.67191728383176,0.5957231640496947,0.23920230940821113,0.06439461752936247
73.67191728383176,0.5957231640496947,0.23920230940821113,0.06439461752936247
73.67191728383176,0.5957231640496947,0.23920230940821113,0.06439461752936247
73.67191728383176,0.5957231640496947,0.23920230940821113,0.06439461752936247
73.31303621855722,0.5974862321557332,0.23558059011694266,0.06836444696089461
73.45672552537916,0.5974862321557332,0.23558059011694266,0.06836444696089461
73.23098383520538,0.5966548535538249,0.2392116700840767,0.0656503382773438
73.23098383520538,0.5966548535538249,0.2392116700840767,0.0656503382773438
73.04450364887201,0.5972704409277905,0.23988842524923618,0.06523657318433349
72.91906908286782,0.6032917824909889,0.24218386738616865,0.06514018952458184
72.88751385141398,0.6079201233058992,0.24544246804609235,0.06383878486929168
72.88751385141398,0.6079201233058992,0.24544246804609235,0.06383878486929168
72.65248573488529,0.6070677362130573,0.24718050886082746,0.0680908425599512
72.65248573488529,0.6070677362130573,0.24718050886082746,0.0680908425599512
72.2997325014269,0.6147502707047109,0.2446897700781379,0.06557452161380302
72.2997325014269,0.6147502707047109,0.2446897700781379,0.06557452161380302
72.4392297800558,0.6147502707047109,0.2446897700781379,0.06557452161380302
72.4392297800558,0.6147502707047109,0.2446897700781379,0.06557452161380302
72.9227658363623,0.6170548881855934,0.23713231951968675,0.0596111499298807
72.9227658363623,0.6170548881855934,0.23713231951968675,0.0596111499298807
73.20055387808529,0.621249039886433,0.23055497530750063,0.06781202155044919
73.11087320747579,0.6254651285827745,0.22550660694823718,0.06725294312188895
73.11087320747579,0.6254651285827745,0.22550660694823718,0.06725294312188895
73.00455153927726,0.6272160584731789,0.22784914075482146,0.07271448788806927
72.94720363406897,0.6247022613226707,0.2243942334505414,0.07315972281000735
72.94720363406897,0.6247022613226707,0.2243942334505414,0.07315972281000735
72.94720363406897,0.6247022613226707,0.2243942334505414,0.07315972281000735
72.94720363406897,0.6247022613226707,0.2243942334505414,0.07315972281000735
73.01060998801333,0.6241580392979055,0.22602565309763795,0.07238779396128861
73.01060998801333,0.6241580392979055,0.22602565309763795,0.07238779396128861
73.01060998801333,0.6241580392979055,0.22602565309763795,0.07238779396128861
73.01060998801333,0.6241580392979055,0.22602565309763795,0.07238779396128861
73.01060998801333,0.6241580392979055,0.22602565309763795,0.07238779396128861
73.01060998801333,0.6241580392979055,0.22602565309763795,0.07238779396128861
73.0859062292562,0.6215181281453187,0.2242264499005241,0.0705325960138827
73.0859062292562,0.6215181281453187,0.2242264499005241,0.0705325960138827
73.14372365369307,0.6230910614131304,0.22066275755823858,0.07253470924044805
73.14372365369307,0.6230910614131304,0.22066275755823858,0.07253470924044805
73.14372365369307,0.6230910614131304,0.22066275755823858,0.07253470924044805
73.14372365369307,0.6230910614131304,0.22066275755823858,0.07253470924044805
73.14372365369307,0.6230910614131304,0.22066275755823858,0.07253470924044805
73.542446761699,0.621494570629766,0.2165419365028346,0.0721420259920463
73.60432061850422,0.6198096862574707,0.2189140206729598,0.07143545929379222
73.60432061850422,0.6198096862574707,0.2189140206729598,0.07143545929379222
74.23422746332707,0.6157959175019548,0.21165356997999618,0.06863004568497753
74.31635873891011,0.6159499441550282,0.20872699482509205,0.06863004568497753
74.31635873891011,0.6159499441550282,0.20872699482509205,0.06863004568497753
73.71382618252767,0.626350455525777,0.2086410068682976,0.06732927685353993
73.71382618252767,0.626350455525777,0.2086410068682976,0.06732927685353993
74.08138263178232,0.6211696412215061,0.20628307448864705,0.069159651850177
73.85552708439126,0.6199745263995607,0.20437886364207736,0.07865711015156016
73.7720452248746,0.6255030064077535,0.20618773558210066,0.07598838876419108
73.28169428976517,0.6311377298819383,0.21478737369953138,0.0779441176164976
73.28169428976517,0.6311377298819383,0.21478737369953138,0.0779441176164976
73.28169428976517,0.6311377298819383,0.21478737369953138,0.0779441176164976
73.28169428976517,0.6311377298819383,0.21478737369953138,0.07831090302268767
72.8465890172188,0.630195729553015,0.21727678556100363,0.07011550708776182
72.8465890172188,0.630195729553015,0.21727678556100363,0.07011550708776182
72.8465890172188,0.630195729553015,0.21727678556100363,0.07011550708776182
72.8465890172188,0.630195729553015,0.21727678556100363,0.07011550708776182
72.77021573488872,0.6286650946339669,0.22001702713419724,0.06691188882775594
72.77021573488872,0.6286650946339669,0.22001702713419724,0.06691188882775594
72.77021573488872,0.6286650946339669,0.22001702713419724,0.06691188882775594
72.77021573488872,0.6286650946339669,0.22001702713419724,0.06691188882775594
72.69049823636645,0.6278227562355951,0.2264991823298851,0.0720468691067763
72.69049823636645,0.6278227562355951,0.2264991823298851,0.0720468691067763
72.69049823636645,0.6278227562355951,0.2264991823298851,0.0720468691067763
72.42381469537766,0.6268384451133694,0.22310372414416693,0.0725359126013687
72.42381469537766,0.6268384451133694,0.22310372414416693,0.0725359126013687
72.42381469537766,0.6268384451133694,0.22310372414416693,0.0725359126013687
72.42381469537766,0.6268384451133694,0.22310372414416693,0.0725359126013687
72.42381469537766,0.6268384451133694,0.22310372414416693,0.0725359126013687
72.42381469537766,0.6268384451133694,0.22310372414416693,0.0725359126013687
72.56064598251095,0.6332109999420195,0.22310372414416693,0.0725359126013687
72.56064598251095,0.6332109999420195,0.22310372414416693,0.0725359126013687
72.56064598251095,0.6332109999420195,0.22310372414416693,0.0725359126013687
72.56064598251095,0.6332109999420195,0.22310372414416693,0.0725359126013687
72.56064598251095,0.6332109999420195,0.22310372414416693,0.0725359126013687
72.56064598251095,0.6332109999420195,0.22310372414416693,0.0725359126013687
72.56064598251095,0.6332109999420195,0.22310372414416693,0.0725359126013687
72.56064598251095,0.6332109999420195,0.22310372414416693,0.0725359126013687
72.56064598251095,0.6332109999420195,0.22310372414416693,0.0725359126013687
72.82427425353939,0.6364802087711356,0.22486372782826353,0.062449095412960315
72.82427425353939,0.6364802087711356,0.22486372782826353,0.062449095412960315
73.141603905376,0.6407918118023348,0.2246397705368362,0.05922297751810196
72.95618450372729,0.6395906399516904,0.21746223930226088,0.06185637851821644
73.09135205102646,0.6416650926621493,0.22133829878072586,0.06197183926921994
73.09135205102646,0.6416650926621493,0.22133829878072586,0.06197183926921994
73.09135205102646,0.6416650926621493,0.22133829878072586,0.06197183926921994
73.09135205102646,0.6416650926621493,0.22133829878072586,0.06197183926921994
73.19431033633256,0.6459365723051886,0.2164661147216573,0.061407019220768355
73.19431033633256,0.6459365723051886,0.2164661147216573,0.061407019220768355
73.19431033633256,0.6459365723051886,0.2164661147216573,0.061407019220768355
73.19431033633256,0.6459365723051886,0.2164661147216573,0.061407019220768355
73.19431033633256,0.6459365723051886,0.2164661147216573,0.061407019220768355
73.23540210495389,0.6399180666826232,0.22029640755713814,0.06192279161635589
73.32685713597354,0.6394551575797549,0.21440371686660023,0.05859207263834691
73.32685713597354,0.6394551575797549,0.21440371686660023,0.05859207263834691
73.4460155045978,0.6329509876386495,0.21639952139507865,0.061490625942010706
73.4460155045978,0.6329509876386495,0.21639952139507865,0.061490625942010706
73.4460155045978,0.6329509876386495,0.21639952139507865,0.061490625942010706
73.4460155045978,0.6329509876386495,0.21639952139507865,0.061490625942010706
73.4460155045978,0.6329509876386495,0.21639952139507865,0.061490625942010706
73.4460155045978,0.6329509876386495,0.21639952139507865,0.061490625942010706
73.4460155045978,0.6329509876386495,0.21639952139507865,0.061490625942010706
74.03412754170775,0.6329228587699859,0.20682883514911266,0.057092711287708965
74.03412754170775,0.6329228587699859,0.20682883514911266,0.057092711287708965
73.60516352397406,0.6379997848436145,0.2073828325036471,0.06433285513361174
73.60516352397406,0.6379997848436145,0.2073828325036471,0.06433285513361174
73.60516352397406,0.6379997848436145,0.2073828325036471,0.06433285513361174
73.60516352397406,0.6379997848436145,0.2073828325036471,0.06790838402848101
73.60516352397406,0.6379997848436145,0.2073828325036471,0.06790838402848101
73.44875958035604,0.6375623055400661,0.20432035957572026,0.07184835541755873
73.44875958035604,0.6375623055400661,0.20432035957572026,0.07184835541755873
73.44875958035604,0.6375623055400661,0.20432035957572026,0.07184835541755873
73.30877773365374,0.6460678483398319,0.2152720657481002,0.06579738374789276
73.30877773365374,0.6460678483398319,0.2152720657481002,0.06579738374789276
73.30877773365374,0.6460678483398319,0.2152720657481002,0.06579738374789276
73.30877773365374,0.6460678483398319,0.2152720657481002,0.06579738374789276
73.30877773365374,0.6460678483398319,0.2152720657481002,0.06579738374789276
73.30877773365374,0.6460678483398319,0.2152720657481002,0.06579738374789276
72.92740381818659,0.6544926026884225,0.2189526144719953,0.06093749463563642
72.88004496134994,0.652163277355565,0.21901674968430623,0.060155586570665345
72.88004496134994,0.652163277355565,0.21901674968430623,0.060155586570665345
72.88004496134994,0.652163277355565,0.21901674968430623,0.060155586570665345
72.88004496134994,0.652163277355565,0.21901674968430623,0.060155586570665345
72.89853870969462,0.6537597511339398,0.22516102800828566,0.05082825107823522
72.47609802651594,0.6571919607241163,0.23257547465792114,0.047073972804341974
72.47609802651594,0.6571919607241163,0.23257547465792114,0.047073972804341974
72.42846291558503,0.6658868529345315,0.22973088829941787,0.046563226437400886
72.2198190142092,0.6658868529345315,0.22973088829941787,0.046563226437400886
72.88092856100346,0.6698147841192899,0.22268480335212537,0.04495077867973939
72.97321071867427,0.6607405102920871,0.2331781305966258,0.037925015025004
72.41786088409874,0.6607405102920871,0.2331781305966258,0.037925015025004
72.41786088409874,0.6607405102920871,0.2331781305966258,0.037925015025004
72.40183668736164,0.6636879715320583,0.23578716823221801,0.04318533496593982
72.51965573167499,0.66054807214717,0.23846420807199187,0.04403827177206919
72.51965573167499,0.66054807214717,0.23846420807199187,0.04403827177206919
72.51965573167499,0.66054807214717,0.23846420807199187,0.04403827177206919
72.51965573167499,0.66054807214717,0.23846420807199187,0.04403827177206919
72.33374659412213,0.6569069247589105,0.23289432747546912,0.047437260552518144
72.33374659412213,0.6569069247589105,0.23289432747546912,0.047437260552518144
72.74798186284528,0.6598078628174384,0.23029550093885814,0.04193020454479989
72.5021073183372,0.6659050396085777,0.227017137601043,0.03973942349310415
72.04806259777233,0.6666372924755333,0.23522030733838203,0.03973942349310415
71.7943581645571,0.6691344090599711,0.23688226257424896,0.0403866789147402
71.93809049356946,0.6606049848481607,0.24247617768654864,0.0403866789147402
71.93809049356946,0.6606049848481607,0.24247617768654864,0.0403866789147402
71.93809049356946,0.6606049848481607,0.24247617768654864,0.0403866789147402
71.7258895552843,0.6612350709067886,0.24416400931214405,0.05103429716260129
71.7258895552843,0.6612350709067886,0.24416400931214405,0.05103429716260129
71.53889126531014,0.6612350709067886,0.24416400931214405,0.05103429716260129
71.53889126531014,0.6612350709067886,0.24416400931214405,0.05103429716260129
71.53889126531014,0.6612350709067886,0.24416400931214405,0.05103429716260129
71.53889126531014,0.6612350709067886,0.24416400931214405,0.05103429716260129
71.99524448557341,0.6549816724293414,0.24158969114354467,0.048159293795580295
72.48091924099019,0.6498078505980799,0.24078320372910011,0.0467279071737646
72.48091924099019,0.6498078505980799,0.24078320372910011,0.0467279071737646
72.5226784834107,0.6527626065882223,0.2350801019077829,0.049961804896928516
72.5226784834107,0.6527626065882223,0.2350801019077829,0.049961804896928516
72.5226784834107,0.6527626065882223,0.2350801019077829,0.049961804896928516
72.5226784834107,0.6527626065882223,0.2350801019077829,0.049961804896928516
72.61421159607272,0.6533937157552188,0.22643479090926555,0.05509282020417158
72.40887822458019,0.6543058524309837,0.22685345745419133,0.062328789088414584
72.40887822458019,0.6543058524309837,0.22685345745419133,0.062328789088414584
72.21880277208237,0.6543058524309837,0.22685345745419133,0.062328789088414584
72.19624177878052,0.6617253613657375,0.2221295606464981,0.06511702884606872
72.19624177878052,0.6617253613657375,0.2221295606464981,0.06511702884606872
72.19624177878052,0.6617253613657375,0.2221295606464981,0.06511702884606872
72.19624177878052,0.6617253613657375,0.2221295606464981,0.06511702884606872
72.19624177878052,0.6617253613657375,0.2221295606464981,0.06511702884606872
72.61961831732677,0.6601149988973953,0.21935445358725272,0.06064863242325644
72.61961831732677,0.6601149988973953,0.21935445358725272,0.06064863242325644
72.61961831732677,0.6601149988973953,0.21935445358725272,0.06064863242325644
72.61961831732677,0.6601149988973953,0.21935445358725272,0.06064863242325644
72.61961831732677,0.6601149988973953,0.21935445358725272,0.06064863242325644
72.61961831732677,0.6601149988973953,0.21935445358725272,0.06064863242325644
72.16418347539488,0.6599631211206747,0.23014837324019116,0.05876091255339304
72.12645762357535,0.6558936918575475,0.23352143023812724,0.04990409624106486
71.90596009682396,0.6618775305089643,0.2365471190372422,0.054224789155148084
71.99489629035226,0.6605426040650085,0.23989703418845584,0.05210987245937247
71.73359850166499,0.652744150914156,0.24750042397309163,0.052969399189080696
71.73359850166499,0.652744150914156,0.24750042397309163,0.052969399189080696
71.68691190148657,0.646649331261931,0.25177987731531437,0.052969399189080696
71.24530335231535,0.6513204842243117,0.2537162917206324,0.057185415198247935
71.24530335231535,0.6513204842243117,0.2537162917206324,0.057185415198247935
71.3727618124885,0.6513918380868038,0.257839479639958,0.05000500982793675
70.88377698554942,0.6550870406397937,0.2547893559862815,0.05495365462137098
70.88377698554942,0.6550870406397937,0.2547893559862815,0.05495365462137098
70.78431420177529,0.6553681358911045,0.25616819637928007,0.0593523102364595
70.78431420177529,0.6553681358911045,0.25616819637928007,0.0593523102364595
70.70331116188568,0.668307525941717,0.2536542166897432,0.05233170967422135
71.23667366687866,0.6744666508941387,0.2511758061662495,0.03958174782670366
71.23667366687866,0.6744666508941387,0.2511758061662495,0.03958174782670366
71.23667366687866,0.6744666508941387,0.2511758061662495,0.03958174782670366
71.12704222511245,0.6767301651915294,0.25317892058614533,0.03914844099594474
71.12704222511245,0.6767301651915294,0.25317892058614533,0.03914844099594474
71.12704222511245,0.6767301651915294,0.2540544541003399,0.03914844099594474
70.97432322707937,0.6767301651915294,0.25695919548056056,0.03914844099594474
70.97432322707937,0.6767301651915294,0.25695919548056056,0.03914844099594474
70.85106206724565,0.6748780833049867,0.25845145576744943,0.03914844099594474
70.82788974801416,0.6753990666964941,0.25531834136682713,0.03710661512529556
71.34856547431048,0.6783819403986178,0.2515419466007886,0.03889116886878724
70.65249878002005,0.6787709313764612,0.2521845058431086,0.042846504171172035
70.3153500567541,0.673956100078707,0.2552221097962011,0.05282096203603467
70.3153500567541,0.673956100078707,0.2552221097962011,0.05282096203603467
70.33365536821022,0.6688042459895299,0.26419164692536784,0.05726749487407672
70.33365536821022,0.6688042459895299,0.26419164692536784,0.05726749487407672
70.33365536821022,0.6688042459895299,0.26419164692536784,0.05726749487407672
70.32441789935854,0.6683289943564243,0.2673206036501458,0.05142461367225763
70.32441789935854,0.6683289943564243,0.2673206036501458,0.05142461367225763
70.04424865748938,0.6817312906827776,0.27374650542709333,0.04919886411774191
70.04424865748938,0.6817312906827776,0.27374650542709333,0.04919886411774191
70.1375130181313,0.6816362617526642,0.27387758783729865,0.046458048066029586
69.78086664125377,0.6859252558549129,0.27372580244287364,0.050385374244678226
69.98082340252162,0.6832857789344031,0.27552703658256716,0.04912671212549018
69.29442448903741,0.6810348874188666,0.27876469374887575,0.047920015363104404
69.34159119969564,0.6808653070712057,0.2733210645483316,0.052560093084141994
69.22190316740183,0.6805638945199146,0.27697663862011684,0.053119751541779954
69.22190316740183,0.6805638945199146,0.27697663862011684,0.053119751541779954
69.22190316740183,0.6805638945199146,0.27697663862011684,0.057872740755835046
69.22190316740183,0.6805638945199146,0.27697663862011684,0.057872740755835046
69.57040592105801,0.6730848760976146,0.27795729167028227,0.05760413696261965
69.36823107250406,0.6685691596025333,0.27219526400788135,0.060001012832627855
69.36823107250406,0.6685691596025333,0.27219526400788135,0.060001012832627855
69.8782156535212,0.6648606444655277,0.27584923854099025,0.062075554747983416
69.8782156535212,0.6648606444655277,0.27584923854099025,0.062075554747983416
69.8782156535212,0.6648606444655277,0.27584923854099025,0.062075554747983416
69.92357715433079,0.6694675062234019,0.27056897232176513,0.06042104983353957
69.92357715433079,0.6694675062234019,0.27056897232176513,0.06042104983353957
69.92357715433079,0.6694675062234019,0.27056897232176513,0.06042104983353957
69.72233680839543,0.6625051360848664,0.277965715316606,0.06008705406739187
69.72233680839543,0.6625051360848664,0.277965715316606,0.06008705406739187
69.72233680839543,0.6625051360848664,0.277965715316606,0.06008705406739187
69.50483958122595,0.6577345875084966,0.2855400340933822,0.05751054057412948
69.50483958122595,0.6577345875084966,0.2855400340933822,0.05751054057412948
69.62463043615223,0.65578862925393,0.27983279142967976,0.059988125757089956
69.46088281675878,0.6565354221847677,0.2821258358652579,0.060697076158249055
69.46088281675878,0.6565354221847677,0.2821258358652579,0.060697076158249055
69.74629522185302,0.6622208270161889,0.2779417985317593,0.05451356148967411
69.61570257162414,0.6630425902696143,0.27566404013121,0.05965375088872585
69.81614445248448,0.661481334395729,0.2663878035068877,0.06232989772610286
69.81614445248448,0.661481334395729,0.2663878035068877,0.06232989772610286
69.81614445248448,0.661481334395729,0.2663878035068877,0.06232989772610286
69.90339071976821,0.6624226349723316,0.26395487396356154,0.06468574478641619
69.90339071976821,0.6624226349723316,0.26395487396356154,0.06468574478641619
69.82705680866725,0.6770058561972093,0.2555602823948205,0.07714559062708343
69.38353069731184,0.6680565845322055,0.2599583153372152,0.07410399956017691
69.38353069731184,0.6680565845322055,0.2599583153372152,0.07410399956017691
69.38353069731184,0.6680565845322055,0.2599583153372152,0.07410399956017691
69.41978408481151,0.6719268970054557,0.26447020916862285,0.07410399956017691
69.41978408481151,0.6719268970054557,0.26447020916862285,0.07410399956017691
69.41978408481151,0.6719268970054557,0.26447020916862285,0.07410399956017691
69.84805751354007,0.6697193866610389,0.2599306585598417,0.07771195454136412
69.84805751354007,0.6697193866610389,0.2599306585598417,0.07771195454136412
69.84805751354007,0.6697193866610389,0.2599306585598417,0.07771195454136412
69.84805751354007,0.6697193866610389,0.2599306585598417,0.07771195454136412
69.84805751354007,0.6697193866610389,0.2599306585598417,0.07771195454136412
69.84805751354007,0.6697193866610389,0.2599306585598417,0.07771195454136412
69.90695650231201,0.6660225691397741,0.26074874854911584,0.07877745365671004
69.90695650231201,0.6660225691397741,0.26074874854911584,0.07877745365671004
69.80815524965934,0.6601281589385996,0.26016903373195477,0.08579145363590039
69.84607055680495,0.6562979660220435,0.2551848204688108,0.08428148003803924
70.05251079223757,0.6655288022652593,0.2508136539721232,0.07897948912311664
70.05251079223757,0.6655288022652593,0.2508136539721232,0.07897948912311664
70.05251079223757,0.6655288022652593,0.2508136539721232,0.07897948912311664
70.17243004305973,0.6739401859806049,0.2492968055363872,0.07899185076426839
70.06527252452271,0.6721552709202234,0.24745200482721558,0.0828866543608119
70.26286212218265,0.6712664164580624,0.248879155255015,0.08182135087223832
70.26286212218265,0.6712664164580624,0.248879155255015,0.08182135087223832
70.25151625219473,0.6671651913688447,0.24803872698103324,0.07684570905995922
69.94763349885415,0.678682951715769,0.24159792232827018,0.07458545434019326
70.48457044224314,0.6719119824007022,0.23515659972949352,0.07684103088146527
70.56173197057223,0.6677809405017325,0.2294762927654339,0.08200088614708141
70.56173197057223,0.6677809405017325,0.2294762927654339,0.08200088614708141
70.56173197057223,0.6677809405017325,0.2294762927654339,0.08200088614708141
70.56173197057223,0.6677809405017325,0.2294762927654339,0.08200088614708141
70.56173197057223,0.6677809405017325,0.2294762927654339,0.08200088614708141
70.45665654391335,0.6689218096984025,0.2314683625193937,0.0906703775198947
70.45665654391335,0.6689218096984025,0.2314683625193937,0.0906703775198947
70.45665654391335,0.6689218096984025,0.2314683625193937,0.0906703775198947
70.45665654391335,0.6689218096984025,0.2314683625193937,0.0906703775198947
70.45665654391335,0.6689218096984025,0.2314683625193937,0.0906703775198947
70.0620496680939,0.6726303204818214,0.22730909066663776,0.08835115151774824
70.0620496680939,0.6726303204818214,0.22730909066663776,0.08835115151774824
69.39079152961669,0.6660580245723109,0.23472739752526514,0.09369665344121109
69.39079152961669,0.6660580245723109,0.23472739752526514,0.09369665344121109
69.39079152961669,0.6660580245723109,0.23472739752526514,0.09369665344121109
69.84466098727201,0.6597224023055176,0.2400078475127522,0.10607468673496917
69.35055422201363,0.6573933653825376,0.2417512868702828,0.11179965306056615
69.35055422201363,0.6573933653825376,0.2417512868702828,0.11179965306056615
69.52573870239425,0.6507027390459719,0.2451558754519631,0.11145984017451752
69.52573870239425,0.6507027390459719,0.2451558754519631,0.11145984017451752
69.52573870239425,0.6507027390459719,0.2451558754519631,0.11145984017451752
69.52573870239425,0.6507027390459719,0.2451558754519631,0.11145984017451752
69.52573870239425,0.6507027390459719,0.2451558754519631,0.11145984017451752
69.31390326696462,0.6506915651598919,0.24723100863878,0.11253960414572502
69.31390326696462,0.6506915651598919,0.24723100863878,0.11253960414572502
69.31390326696462,0.6506915651598919,0.24723100863878,0.11253960414572502
69.31390326696462,0.6506915651598919,0.24723100863878,0.11253960414572502
69.144556313546,0.6505003238272827,0.24264618706357488,0.116253164684781
69.144556313546,0.6505003238272827,0.24264618706357488,0.116253164684781
69.144556313546,0.6505003238272827,0.24264618706357488,0.116253164684781
69.144556313546,0.6505003238272827,0.24264618706357488,0.116253164684781
69.144556313546,0.6505003238272827,0.24264618706357488,0.116253164684781
69.144556313546,0.6505003238272827,0.24264618706357488,0.116253164684781
69.144556313546,0.6505003238272827,0.24264618706357488,0.116253164684781
69.144556313546,0.6505003238272827,0.24264618706357488,0.116253164684781
69.3593331414268,0.6527500557712721,0.24644310324424484,0.11509969466921707
69.58870414387512,0.6472233558183544,0.23493475762226365,0.11796012353398767
69.58870414387512,0.6472233558183544,0.23493475762226365,0.11796012353398767
69.58870414387512,0.6472233558183544,0.23493475762226365,0.11796012353398767
69.58870414387512,0.6472233558183544,0.23493475762226365,0.11796012353398767
69.58870414387512,0.6472233558183544,0.23493475762226365,0.11796012353398767
69.2601822427175,0.6490864372896115,0.243370320227981,0.12491763005512788
69.2601822427175,0.6490864372896115,0.243370320227981,0.12491763005512788
69.2601822427175,0.6490864372896115,0.243370320227981,0.12491763005512788
68.6832162264356,0.6551652709150397,0.2456732122677607,0.12877382262021805
68.35337140722746,0.6572366651545969,0.24775264920045262,0.13227963017853797
68.15624568962996,0.6541958765134307,0.248594018823264,0.13504133994690207
68.15624568962996,0.6541958765134307,0.248594018823264,0.13504133994690207
68.6574194614947,0.6532834985975424,0.24716021863680696,0.13322091129180155
68.6574194614947,0.6532834985975424,0.24716021863680696,0.13322091129180155
68.6574194614947,0.6532834985975424,0.24716021863680696,0.13322091129180155
68.6574194614947,0.6532834985975424,0.24716021863680696,0.13322091129180155
68.6574194614947,0.6532834985975424,0.24716021863680696,0.13322091129180155
68.20285682985937,0.6425713386759753,0.2468407344024468,0.1466285526382374
68.20285682985937,0.6425713386759753,0.2468407344024468,0.1466285526382374
68.20285682985937,0.6425713386759753,0.2468407344024468,0.1466285526382374
68.05384371641595,0.6514871757257414,0.2388942588030042,0.1552028634028235
68.05384371641595,0.6514871757257414,0.2388942588030042,0.1552028634028235
67.9758021085683,0.6507627899760167,0.23691569640497515,0.15906150004596314
67.73956410337337,0.6546989945837534,0.2357502634435712,0.16287101408881177
68.16006962937507,0.6573975021785615,0.24065464821200414,0.15561513634454135
68.16006962937507,0.6573975021785615,0.24065464821200414,0.15561513634454135
67.80996001168404,0.6573975021785615,0.24065464821200414,0.15561513634454135
68.02013474230678,0.6500105976533775,0.23620466164648507,0.1542700733646838
68.02013474230678,0.6500105976533775,0.23620466164648507,0.1542700733646838
68.49612210913263,0.6487951417404022,0.2391250678024062,0.14478546928523886
68.49612210913263,0.6487951417404022,0.2391250678024062,0.14478546928523886
68.49612210913263,0.6487951417404022,0.2391250678024062,0.14478546928523886
68.49612210913263,0.6487951417404022,0.2391250678024062,0.14478546928523886
68.49612210913263,0.6487951417404022,0.2391250678024062,0.14478546928523886
68.49612210913263,0.6487951417404022,0.2391250678024062,0.14478546928523886
68.54407168187501,0.6487528508646319,0.23588006810414186,0.14834140736836549
68.54407168187501,0.6487528508646319,0.23588006810414186,0.14834140736836549
68.30124057519616,0.6545924141844128,0.2338227623979367,0.15745416258014056
68.30124057519616,0.6545924141844128,0.2338227623979367,0.15745416258014056
68.28595499822733,0.646584851350748,0.23406075988976496,0.16518704769862036
68.28595499822733,0.646584851350748,0.23406075988976496,0.16518704769862036
68.28595499822733,0.646584851350748,0.23406075988976496,0.16518704769862036
68.00828172295566,0.6499967551607472,0.2386146890598444,0.16248301042042665
68.19439178966225,0.6498139771844238,0.2340883707613287,0.15502320294874603
68.19439178966225,0.6498139771844238,0.2340883707613287,0.15502320294874603
68.51857507616285,0.6459658973266718,0.23773661844230093,0.15396103744835554
68.51857507616285,0.6459658973266718,0.23773661844230093,0.15396103744835554
68.51857507616285,0.6459658973266718,0.23773661844230093,0.15396103744835554
68.31712560513628,0.6450455482693599,0.24500084088407872,0.15192135551707836
68.31712560513628,0.6450455482693599,0.24500084088407872,0.15192135551707836
68.31712560513628,0.6450455482693599,0.24500084088407872,0.15192135551707836
68.08487082827564,0.644774789258011,0.24432805533563695,0.15326244154334714
68.08487082827564,0.644774789258011,0.24432805533563695,0.15326244154334714
68.08487082827564,0.644774789258011,0.24432805533563695,0.15326244154334714
68.08487082827564,0.644774789258011,0.24432805533563695,0.15326244154334714
68.04720404463576,0.6522488232767869,0.24221169428690556,0.15226428898396427
68.32969246378201,0.6508302852252607,0.24759250128656626,0.15725780702273529
68.24542481119197,0.6508302852252607,0.24759250128656626,0.15725780702273529
68.24542481119197,0.6508302852252607,0.24759250128656626,0.15725780702273529
68.24542481119197,0.6508302852252607,0.24759250128656626,0.15725780702273529
68.24052772031115,0.652946457224753,0.2509405259854302,0.1476006182594206
68.24052772031115,0.652946457224753,0.2509405259854302,0.1476006182594206
68.24052772031115,0.652946457224753,0.2509405259854302,0.1476006182594206
68.3691115744213,0.6514012828329463,0.24312049886708983,0.14867360668691565
68.3691115744213,0.6514012828329463,0.24312049886708983,0.14867360668691565
68.3691115744213,0.6514012828329463,0.24312049886708983,0.14867360668691565
68.3691115744213,0.6514012828329463,0.24312049886708983,0.14867360668691565
68.68821623298223,0.6527564972435472,0.23800848647443587,0.14903140805934167
68.51249547348748,0.661446509589439,0.2365721834005934,0.13932370618324305
68.46386353613389,0.6571955127883062,0.23964802110371122,0.13919665993999772
68.46386353613389,0.6571955127883062,0.23964802110371122,0.13919665993999772
68.86742121467564,0.6582351491691424,0.2301731349510449,0.13390311986457157
68.27536917398889,0.65868901034646,0.23046685570220496,0.13143960794493437
68.27536917398889,0.65868901034646,0.23046685570220496,0.13143960794493437
68.27536917398889,0.65868901034646,0.23046685570220496,0.13143960794493437
68.34090057127871,0.6565082546814027,0.22744881359468647,0.14102788877634578
68.34090057127871,0.6565082546814027,0.22744881359468647,0.14102788877634578
68.48752126610788,0.6610834346221185,0.22807685863176028,0.14102788877634578
68.9158774723575,0.6592380128924621,0.22683289389189276,0.14679331319116806
68.9158774723575,0.6592380128924621,0.22683289389189276,0.14679331319116806
68.9158774723575,0.6592380128924621,0.22683289389189276,0.14679331319116806
68.9158774723575,0.6592380128924621,0.22683289389189276,0.14679331319116806
68.9158774723575,0.6592380128924621,0.22683289389189276,0.14679331319116806
68.83695848126668,0.6524413586775019,0.22314069416375087,0.14979258282273264
68.83695848126668,0.6524413586775019,0.22314069416375087,0.14979258282273264
69.23242844823237,0.6461899380015304,0.22355213962555492,0.1466902343817394
69.5040760220049,0.6462040687871002,0.22384115253598286,0.14470908685797826
69.39973504070512,0.6462040687871002,0.22384115253598286,0.14470908685797826
69.39973504070512,0.6462040687871002,0.22384115253598286,0.14470908685797826
69.39973504070512,0.6462040687871002,0.22384115253598286,0.14470908685797826
69.39973504070512,0.6462040687871002,0.22384115253598286,0.14470908685797826
69.48355954159123,0.643820929470081,0.2262933203634715,0.14156495827295704
69.48355954159123,0.643820929470081,0.2262933203634715,0.14156495827295704
69.48355954159123,0.643820929470081,0.2262933203634715,0.14156495827295704
69.48355954159123,0.643820929470081,0.2262933203634715,0.14156495827295704
69.48355954159123,0.643820929470081,0.2262933203634715,0.14156495827295704
69.78736316359576,0.6401345923786314,0.22116372478615823,0.1423225973177241
69.78736316359576,0.6401345923786314,0.22116372478615823,0.1423225973177241
69.78736316359576,0.6401345923786314,0.22116372478615823,0.1423225973177241
69.78736316359576,0.6401345923786314,0.22116372478615823,0.1423225973177241
69.96491584027595,0.6309148374529335,0.22291391807332986,0.13787590291060323
69.96491584027595,0.6309148374529335,0.22291391807332986,0.13787590291060323
69.96491584027595,0.6309148374529335,0.22291391807332986,0.13787590291060323
69.78003330667622,0.6389848118117233,0.2216010596796572,0.13881220604507674
69.78003330667622,0.6389848118117233,0.2216010596796572,0.13881220604507674
70.53348714488126,0.6300747312710344,0.22018689848643153,0.13912235096206788
70.37850026383197,0.6297923489708656,0.22344319632000872,0.14001699551380362
70.37850026383197,0.6297923489708656,0.22344319632000872,0.14001699551380362
70.23499164678881,0.6281987651111063,0.22755447011198382,0.13193958549737608
69.83302277350869,0.6265217226468361,0.23119203864699836,0.13154975393760895
70.6203571534459,0.6267084261599476,0.2260051995365387,0.13415035883821977
70.6203571534459,0.6267084261599476,0.2260051995365387,0.13415035883821977
70.6203571534459,0.6267084261599476,0.2260051995365387,0.13415035883821977
70.93390316985776,0.6197070918974158,0.22181403989155365,0.12378203238431909
70.93390316985776,0.6197070918974158,0.22181403989155365,0.12378203238431909
71.40639664703325,0.6215854533440621,0.22508995999643766,0.11680091236081022
72.28432026708374,0.6153884098791388,0.2180716353451633,0.11005998337695308
72.28432026708374,0.6153884098791388,0.2180716353451633,0.11005998337695308
71.64446617496714,0.6153884098791388,0.2180716353451633,0.11005998337695308
71.64446617496714,0.6153884098791388,0.2180716353451633,0.11005998337695308
71.92415341381484,0.6210510435802857,0.21368747961558787,0.10761459609209609
71.92415341381484,0.6210510435802857,0.21368747961558787,0.10761459609209609
72.08071580661012,0.6200816187138303,0.2174193555659042,0.11188851528790758
71.90150823945676,0.6257482781566216,0.21099845774446271,0.10972342544406377
71.90150823945676,0.6257482781566216,0.21099845774446271,0.10972342544406377
71.71714953215647,0.6285129259251875,0.2085754432958615,0.10569901632531094
71.71714953215647,0.6285129259251875,0.2085754432958615,0.10569901632531094
71.89308451070536,0.6241702109965394,0.2104757735328645,0.10672675832943643
72.27660996938116,0.6272495721578669,0.2114521316675455,0.10568925206447886
72.26889026508977,0.6256315261731362,0.210584187229702,0.10268473207240887
72.26889026508977,0.6256315261731362,0.210584187229702,0.10268473207240887
72.52372413332047,0.6245460159903603,0.20868106240093132,0.09732547232596797
72.52372413332047,0.6245460159903603,0.20868106240093132,0.09732547232596797
72.52372413332047,0.6245460159903603,0.20868106240093132,0.09732547232596797
72.3290968743109,0.6223854514805305,0.21857096379303753,0.10175305371900631
72.3290968743109,0.6223854514805305,0.21857096379303753,0.10175305371900631
72.3290968743109,0.6223854514805305,0.21857096379303753,0.10175305371900631
72.08992484787292,0.6223854514805305,0.21857096379303753,0.10175305371900631
72.2995368563872,0.6231858837325512,0.2125518657567259,0.09885086950592864
72.2995368563872,0.6231858837325512,0.2125518657567259,0.09885086950592864
72.0971318645947,0.6278735711009689,0.2171384835151908,0.10220749293430025
72.0971318645947,0.6278735711009689,0.2171384835151908,0.10220749293430025
72.0971318645947,0.6278735711009689,0.2171384835151908,0.10220749293430025
72.0971318645947,0.6278735711009689,0.2171384835151908,0.10220749293430025
71.75585331208053,0.626282206683595,0.21566211606836336,0.104676729242569
71.75585331208053,0.626282206683595,0.21566211606836336,0.104676729242569
71.75585331208053,0.626282206683595,0.21566211606836336,0.104676729242569
71.75585331208053,0.626282206683595,0.21566211606836336,0.104676729242569
71.75585331208053,0.626282206683595,0.21566211606836336,0.104676729242569
71.75585331208053,0.626282206683595,0.21566211606836336,0.104676729242569
71.71175303475054,0.6297026094484386,0.21486757163050849,0.09899485304339237
71.72361503600214,0.6249660639280454,0.21711372809112475,0.09780135653029239
72.143387556137,0.6249660639280454,0.21711372809112475,0.09780135653029239
72.143387556137,0.6249660639280454,0.21711372809112475,0.09780135653029239
72.143387556137,0.6249660639280454,0.21711372809112475,0.09780135653029239
72.143387556137,0.6249660639280454,0.21711372809112475,0.09780135653029239
72.143387556137,0.6249660639280454,0.21711372809112475,0.09780135653029239
72.143387556137,0.6249660639280454,0.21711372809112475,0.09780135653029239
72.143387556137,0.6249660639280454,0.21711372809112475,0.09780135653029239
72.143387556137,0.6249660639280454,0.21711372809112475,0.09780135653029239
72.08378558940225,0.61740192115953,0.2225096261680142,0.10266919218727473
72.08378558940225,0.61740192115953,0.2225096261680142,0.10266919218727473
71.51671129635662,0.6211687122602336,0.22702269631427385,0.10668423199519636
71.45045260061839,0.620853703059159,0.22454142078849687,0.10572901739035807
71.45045260061839,0.620853703059159,0.22454142078849687,0.10572901739035807
71.45939318943816,0.6183079379858045,0.22249073326233118,0.10844076840230464
71.31517596681837,0.6236894158060264,0.2215985435522601,0.10843826532972978
71.34873435523839,0.6267597979621806,0.22020507352133373,0.10813459262510565
71.34873435523839,0.6267597979621806,0.22020507352133373,0.10813459262510565
71.23204226595351,0.625310611737146,0.21887161369068092,0.11542895134293943
71.23204226595351,0.625310611737146,0.21887161369068092,0.11542895134293943
71.23204226595351,0.625310611737146,0.21887161369068092,0.11542895134293943
71.23204226595351,0.625310611737146,0.21887161369068092,0.11542895134293943
71.30248586163508,0.627485512794938,0.22490853323847423,0.1113189251105017
71.30248586163508,0.627485512794938,0.22490853323847423,0.1113189251105017
71.30248586163508,0.627485512794938,0.22490853323847423,0.1113189251105017
71.30248586163508,0.627485512794938,0.22490853323847423,0.1113189251105017
71.30248586163508,0.627485512794938,0.22490853323847423,0.1113189251105017
71.30248586163508,0.627485512794938,0.22490853323847423,0.1113189251105017
71.30248586163508,0.627485512794938,0.22490853323847423,0.1113189251105017
71.21807245572938,0.6321597626185966,0.22386537036933804,0.11754541146607046
71.21807245572938,0.6321597626185966,0.22386537036933804,0.11754541146607046
71.21807245572938,0.6321597626185966,0.22386537036933804,0.11754541146607046
71.21807245572938,0.6321597626185966,0.22386537036933804,0.11754541146607046
71.7493270823698,0.6300131313096552,0.22309370300175319,0.11226883746840546
71.21072151687682,0.6300131313096552,0.22309370300175319,0.11226883746840546
71.21072151687682,0.6300131313096552,0.22309370300175319,0.11226883746840546
71.1064352652329,0.6346171680289299,0.21655409289002256,0.1119380292708016
71.25954841197976,0.6300635307442036,0.2234922029821846,0.11421414403209054
71.25954841197976,0.6300635307442036,0.2234922029821846,0.11421414403209054
70.5301309533941,0.6255884904261323,0.22982784212400517,0.11533629013111002
70.5301309533941,0.6255884904261323,0.22982784212400517,0.11533629013111002
70.26330193090956,0.6258728346296839,0.23309142597779509,0.10994826571577351
70.26330193090956,0.6258728346296839,0.23309142597779509,0.10994826571577351
70.56589317189339,0.6258728346296839,0.23309142597779509,0.10994826571577351
70.74691549861241,0.6258728346296839,0.23309142597779509,0.10994826571577351
71.24147603153408,0.6235988113187158,0.23134295261769816,0.11684716748172329
70.50202957551488,0.6296318983555804,0.2288101024678924,0.11844842137813524
70.50202957551488,0.6296318983555804,0.2288101024678924,0.11844842137813524
70.50202957551488,0.6296318983555804,0.2288101024678924,0.11844842137813524
70.50202957551488,0.6296318983555804,0.2288101024678924,0.11844842137813524
70.91699246899037,0.63054424949539,0.23107089791580673,0.12304741963238723
70.06268005163602,0.6286684083786124,0.22761195889617925,0.12867681920027238
70.38266984419494,0.6258055857979306,0.22761195889617925,0.12867681920027238
70.38266984419494,0.6258055857979306,0.22761195889617925,0.12867681920027238
70.38266984419494,0.6258055857979306,0.22761195889617925,0.12867681920027238
70.38266984419494,0.6258055857979306,0.22761195889617925,0.12867681920027238
70.68918200655432,0.629571951082837,0.2327815168915365,0.12268513375264638
70.68918200655432,0.629571951082837,0.2327815168915365,0.12268513375264638
70.81850604223673,0.6291090128685048,0.22895265347719904,0.1260743552800242
70.81850604223673,0.6291090128685048,0.22895265347719904,0.1260743552800242
70.86912877166591,0.6308193327630863,0.21792787043858952,0.12226429438779839
70.86912877166591,0.6308193327630863,0.21792787043858952,0.12226429438779839
70.86912877166591,0.6308193327630863,0.21792787043858952,0.12226429438779839
70.85658430182187,0.6260523297038928,0.2230971399571098,0.12268173153933883
71.38362088534889,0.6260201604158412,0.21557053283348845,0.11174228800482569
71.38362088534889,0.6260201604158412,0.21557053283348845,0.11174228800482569
71.56579072697474,0.6260922413621809,0.21552517491943632,0.10786605209418335
71.63382913094657,0.6298373715015766,0.22149311288454468,0.11038428796700263
71.53722654309371,0.6298373715015766,0.22149311288454468,0.11038428796700263
71.48546943928042,0.6238976195352428,0.22746190862509327,0.10722949437286326
71.48546943928042,0.6238976195352428,0.22746190862509327,0.10722949437286326
71.48546943928042,0.6238976195352428,0.22746190862509327,0.10722949437286326
71.48546943928042,0.6238976195352428,0.22746190862509327,0.10722949437286326
71.48546943928042,0.6238976195352428,0.22746190862509327,0.10722949437286326
71.48546943928042,0.6238976195352428,0.22746190862509327,0.10722949437286326
71.48546943928042,0.6238976195352428,0.22746190862509327,0.10722949437286326
71.48546943928042,0.6238976195352428,0.22746190862509327,0.10722949437286326
71.48546943928042,0.6238976195352428,0.22746190862509327,0.10722949437286326
71.48546943928042,0.6238976195352428,0.22746190862509327,0.10722949437286326
71.48546943928042,0.6238976195352428,0.22746190862509327,0.10722949437286326
71.48546943928042,0.6238976195352428,0.22746190862509327,0.10722949437286326
71.48546943928042,0.6238976195352428,0.22746190862509327,0.10722949437286326
71.48546943928042,0.6238976195352428,0.22746190862509327,0.10722949437286326
71.14586878361436,0.630378631519525,0.22746190862509327,0.11212299520382184
70.88775250143742,0.6314348982870993,0.22932347449278,0.10927762660159418
70.88775250143742,0.6314348982870993,0.22932347449278,0.10927762660159418
70.88775250143742,0.6314348982870993,0.22932347449278,0.10927762660159418
70.88775250143742,0.6314348982870993,0.22932347449278,0.10927762660159418
70.80620616499257,0.6306686183438528,0.22833064485674878,0.10812949231490382
70.62206871550852,0.6350229273010859,0.22693253690207899,0.11428048836301472
70.61886041935362,0.6295541648277053,0.22358320941998686,0.11759694959801828
71.17150943767702,0.6271949186564386,0.22587464410254784,0.11742442958439855
71.16122423225947,0.6249031148349841,0.228590237315241,0.11211960876539281
71.16122423225947,0.6249031148349841,0.228590237315241,0.11211960876539281
71.18983050095942,0.6156124877047069,0.23145426034882596,0.11211960876539281
71.26373332654228,0.6083018733103022,0.23342698018607644,0.10668316754212351
71.38623172951696,0.6217103655028712,0.23359146976673886,0.09952969829568392
71.62575974778298,0.6222572860387812,0.23251480247034378,0.09915730781474001
71.62575974778298,0.6222572860387812,0.23251480247034378,0.09915730781474001
71.62575974778298,0.6222572860387812,0.23251480247034378,0.09915730781474001
71.62575974778298,0.6222572860387812,0.23251480247034378,0.09915730781474001
71.3198913367042,0.6265367068036516,0.23166601223401764,0.09864969152807934
71.49580706818172,0.6173618171373165,0.23501668026010228,0.10725660197756616
71.33954616597386,0.6175025068753212,0.24100917543657843,0.10023929832337794
71.33954616597386,0.6175025068753212,0.24100917543657843,0.10023929832337794
71.33954616597386,0.6175025068753212,0.24100917543657843,0.10023929832337794
71.33954616597386,0.6175025068753212,0.24100917543657843,0.10023929832337794
71.95880706648683,0.6177601444617792,0.23746737894217096,0.09796089148174161
71.95880706648683,0.6177601444617792,0.23746737894217096,0.09796089148174161
71.95880706648683,0.6177601444617792,0.23746737894217096,0.09796089148174161
72.36007597956089,0.6105813137149747,0.23424688260489554,0.09989681652670712
72.02742902105744,0.608333398877555,0.23618742371014861,0.09342144129910819
72.02742902105744,0.608333398877555,0.23618742371014861,0.09342144129910819
71.67304405041224,0.6098790583773271,0.24259129866517032,0.0949387582831404
71.67304405041224,0.6098790583773271,0.24259129866517032,0.0949387582831404
71.67304405041224,0.6098790583773271,0.24259129866517032,0.0949387582831404
71.67304405041224,0.6098790583773271,0.24259129866517032,0.0949387582831404
71.67304405041224,0.6098790583773271,0.24259129866517032,0.0949387582831404
71.67304405041224,0.6098790583773271,0.24259129866517032,0.0949387582831404
70.8223838894415,0.6140375942599167,0.25024011421859094,0.09265085866211009
70.8223838894415,0.6140375942599167,0.25024011421859094,0.09265085866211009
70.98674407746505,0.6122013268161403,0.25096470677966587,0.10079215411936497
71.12041657847071,0.6137638595619006,0.2535092807096738,0.09543233533738692
71.12041657847071,0.6137638595619006,0.2535092807096738,0.09543233533738692
70.86703019153087,0.6150106373370673,0.2565046852345638,0.0889794402554855
70.86703019153087,0.6150106373370673,0.2565046852345638,0.0889794402554855
71.4226977114765,0.6174612338034128,0.2472655607540207,0.09214958835387706
71.4226977114765,0.6174612338034128,0.2472655607540207,0.09214958835387706
71.4226977114765,0.6174612338034128,0.2472655607540207,0.09214958835387706
71.73586128876664,0.6185744938665771,0.24439251126680298,0.0854153367980693
71.79185701382207,0.6125035953918385,0.23886411271641003,0.09821930982545375
71.79185701382207,0.6125035953918385,0.23886411271641003,0.09821930982545375
71.79185701382207,0.6125035953918385,0.23886411271641003,0.09821930982545375
71.87595515698963,0.6040896347565872,0.24350040231920375,0.09530746643725899
71.87595515698963,0.6040896347565872,0.24350040231920375,0.09530746643725899
71.87595515698963,0.6040896347565872,0.24389760025726404,0.10157685690151438
72.40878811597591,0.5962798868847171,0.24249775502562096,0.10258929853484271
71.58865767712453,0.5962798868847171,0.24249775502562096,0.10258929853484271
71.58865767712453,0.5962798868847171,0.24249775502562096,0.10258929853484271
71.81401127321539,0.5905177285667866,0.23556607161360987,0.11351278806454042
71.81401127321539,0.5905177285667866,0.23556607161360987,0.11351278806454042
71.32324157098417,0.5883847516840391,0.23998958472655066,0.12234463424820313
71.52194803688151,0.5839725086914958,0.234846399629852,0.12378856134192467
72.44854546136658,0.5809137792045131,0.22717452972516755,0.1166142134477626
72.44854546136658,0.5809137792045131,0.22717452972516755,0.1166142134477626
72.44854546136658,0.5809137792045131,0.22717452972516755,0.1166142134477626
72.44854546136658,0.5809137792045131,0.22717452972516755,0.1166142134477626
72.44854546136658,0.5809137792045131,0.22717452972516755,0.1166142134477626
72.44854546136658,0.5809137792045131,0.22717452972516755,0.1166142134477626
72.02242991018906,0.5900375306191373,0.22763596775532818,0.1148683536367479
72.02242991018906,0.5900375306191373,0.22763596775532818,0.1148683536367479
71.99384615984276,0.5948398643776716,0.22720447823855022,0.11082585568669034
72.39798703112406,0.5916500853778811,0.2175372207163715,0.11500168261938513
72.39798703112406,0.5916500853778811,0.2175372207163715,0.11500168261938513
72.39798703112406,0.5916500853778811,0.2175372207163715,0.11500168261938513
72.39798703112406,0.5916500853778811,0.2175372207163715,0.11500168261938513
72.39798703112406,0.5916500853778811,0.2175372207163715,0.11500168261938513
72.9196300970554,0.5909984419331149,0.2156691846930409,0.11329754890914574
72.9196300970554,0.5909984419331149,0.21414697120448023,0.11329754890914574
72.9196300970554,0.5909984419331149,0.21414697120448023,0.11329754890914574
72.57090826138692,0.5909474790956097,0.21473540861495183,0.11415894576236611
72.66678062619538,0.590995544503997,0.21136414545653717,0.11498208427487905
72.66678062619538,0.590995544503997,0.21136414545653717,0.11498208427487905
72.66678062619538,0.590995544503997,0.21136414545653717,0.11498208427487905
72.66678062619538,0.590995544503997,0.21136414545653717,0.11498208427487905
72.66678062619538,0.590995544503997,0.21136414545653717,0.11498208427487905
73.12240459028254,0.5901049383726199,0.2140006710674228,0.11402233092341198
73.12240459028254,0.5901049383726199,0.2140006710674228,0.11402233092341198
72.6681345368818,0.5973443434352371,0.21406513409792538,0.1161929903379713
72.34277676381282,0.6016032613554613,0.21500568395575428,0.11445900683202219
72.34277676381282,0.6016032613554613,0.21500568395575428,0.11445900683202219
72.4001033612808,0.6048834584027445,0.2156371963720265,0.1112082561490951
72.4001033612808,0.6048834584027445,0.2156371963720265,0.1112082561490951
72.4001033612808,0.6048834584027445,0.2156371963720265,0.1112082561490951
72.4001033612808,0.6048834584027445,0.2156371963720265,0.1112082561490951
72.4001033612808,0.6048834584027445,0.2156371963720265,0.1112082561490951
72.4001033612808,0.6048834584027445,0.2156371963720265,0.1112082561490951
72.4001033612808,0.6048834584027445,0.2156371963720265,0.1112082561490951
71.73479849324245,0.6099203044887411,0.2157178754860375,0.11172635278287688
71.89656725915955,0.6050163972414921,0.21732547081715542,0.11912443131100572
